epoch,train_rmse,val_rmse
1,0.04664360423040675,0.2661697400081548
2,0.2739242299986922,0.35823344680660124
3,nan,nan
