epoch,train_rmse,val_rmse
1,0.1839417402304055,0.22631313297413536
2,0.20125065464670017,0.2263200318669751
3,0.2012506176028075,0.2263199361940141
