epoch,train_rmse,val_rmse
1,0.1825315035372186,0.2162051711469059
2,0.20396796127417324,0.22138907692168605
3,0.20290103113963187,0.22067699980918892
4,0.09218678901472685,0.03384938371945211
5,0.104552451628938,0.03708389842303037
6,0.058564371184517884,0.03632778812997155
7,0.06553627758575183,0.03734902716566859
8,0.06094194931517526,0.04492442494830012
