epoch,train_rmse,val_rmse
1,0.0974492592222724,0.02862529009259936
2,0.28034987985276916,0.4340373392723225
3,0.1791450282539392,0.036861249588567485
4,0.15069233147835429,0.04236708879847175
5,0.04769534150156035,0.03969392041740605
