epoch,train_rmse,val_rmse,lr,hidden_size,dropout
1,0.3299228195273937,0.43403732301240117,0.002796598875003195,32,0.14313172455681886
2,0.33049904886337156,0.43403732301050457,0.002796598875003195,32,0.14313172455681886
3,0.374315938674372,0.43403732301050835,0.002796598875003195,32,0.14313172455681886
4,0.341806486950485,0.43403732301050457,0.002796598875003195,32,0.14313172455681886
5,,,0.0013982994375015974,32,0.14313172455681886
6,,,0.0013982994375015974,32,0.14313172455681886
7,,,0.0013982994375015974,32,0.14313172455681886
