epoch,train_rmse,val_rmse,lr,hidden_size,dropout
1,0.08506103754138292,0.4040624266740203,3.172031810027856e-05,48,0.4259147596960735
2,0.07236389838819049,0.3978836770049214,3.172031810027856e-05,48,0.4259147596960735
3,0.0671414971998729,0.3837855391213326,3.172031810027856e-05,48,0.4259147596960735
4,0.065135231155108,0.3629624553109814,3.172031810027856e-05,48,0.4259147596960735
5,0.06468348050935638,0.36481427615378303,3.172031810027856e-05,48,0.4259147596960735
6,0.063077061117208,0.36346618921316587,3.172031810027856e-05,48,0.4259147596960735
7,0.05791100032324021,0.3782498484840574,3.172031810027856e-05,48,0.4259147596960735
8,0.05579371798160298,0.39839777256327,1.586015905013928e-05,48,0.4259147596960735
9,0.06006187145872605,0.4276497929127362,1.586015905013928e-05,48,0.4259147596960735
